{"train/loss": 1.5581, "train/grad_norm": 1.038750410079956, "train/learning_rate": 0.0002, "train/epoch": 0.43, "train/global_step": 50, "_timestamp": 1709610211.5165868, "_runtime": 117.03088784217834, "_step": 7, "eval/loss": 1.4584404230117798, "eval/runtime": 2.676, "eval/samples_per_second": 1.868, "eval/steps_per_second": 0.374, "train/train_runtime": 122.2102, "train/train_samples_per_second": 0.409, "train/train_steps_per_second": 0.409, "train/total_flos": 4372977156096000.0, "train/train_loss": 1.725038890838623}