{"train/loss": 1.5572, "train/grad_norm": 0.9309666752815247, "train/learning_rate": 0.0002, "train/epoch": 0.03, "train/global_step": 50, "_timestamp": 1709579598.034584, "_runtime": 209.71862196922302, "_step": 7, "eval/loss": 1.5518407821655273, "eval/runtime": 49.0639, "eval/samples_per_second": 1.895, "eval/steps_per_second": 0.245, "train/train_runtime": 213.4265, "train/train_samples_per_second": 0.234, "train/train_steps_per_second": 0.234, "train/total_flos": 4372977156096000.0, "train/train_loss": 1.6937859916687013}