{"train/loss": 1.5559, "train/grad_norm": 1.0637779235839844, "train/learning_rate": 0.0002, "train/epoch": 0.43, "train/global_step": 50, "_timestamp": 1709609940.9161263, "_runtime": 117.16189622879028, "_step": 7, "eval/loss": 1.4550646543502808, "eval/runtime": 2.6731, "eval/samples_per_second": 1.87, "eval/steps_per_second": 0.374, "train/train_runtime": 122.0579, "train/train_samples_per_second": 0.41, "train/train_steps_per_second": 0.41, "train/total_flos": 4372977156096000.0, "train/train_loss": 1.7235728645324706}