{"train/loss": 1.5616, "train/grad_norm": 1.3125503063201904, "train/learning_rate": 0.0002, "train/epoch": 0.43, "train/global_step": 50, "_timestamp": 1709579927.1603422, "_runtime": 116.54958915710449, "_step": 7, "eval/loss": 1.46053946018219, "eval/runtime": 2.6731, "eval/samples_per_second": 1.871, "eval/steps_per_second": 0.374, "train/train_runtime": 119.5007, "train/train_samples_per_second": 0.418, "train/train_steps_per_second": 0.418, "train/total_flos": 4372977156096000.0, "train/train_loss": 1.7277635765075683}