{"train/loss": 1.5606, "train/learning_rate": 0.0002, "train/epoch": 0.43, "train/global_step": 50, "_timestamp": 1709565407.0113783, "_runtime": 151.80553531646729, "_step": 7, "eval/loss": 1.4812536239624023, "eval/runtime": 4.0308, "eval/samples_per_second": 1.24, "eval/steps_per_second": 0.248, "train/train_runtime": 154.7604, "train/train_samples_per_second": 0.323, "train/train_steps_per_second": 0.323, "train/total_flos": 4372977156096000.0, "train/train_loss": 1.715373306274414}