{"train/loss": 1.5082, "train/grad_norm": 0.9481296539306641, "train/learning_rate": 0.0002, "train/epoch": 0.43, "train/global_step": 50, "_timestamp": 1709649605.036184, "_runtime": 116.88899397850037, "_step": 7, "eval/loss": 1.4703569412231445, "eval/runtime": 2.6773, "eval/samples_per_second": 1.868, "eval/steps_per_second": 0.374, "train/train_runtime": 120.2668, "train/train_samples_per_second": 0.416, "train/train_steps_per_second": 0.416, "train/total_flos": 4372977156096000.0, "train/train_loss": 1.6960164833068847}